arm,seed,pieces,capped
t1600,401,1000,1
t1600,402,1000,1
t1600,403,10,0
t1600,404,1000,1
t1600,405,1000,1
t1600,406,1000,1
t1600,407,10,0
t1600,408,1000,1
t1600,409,1000,1
t1600,410,40,0
t1600,411,14,0
t1600,412,1000,1
t1600,413,10,0
t1600,414,1000,1
t1600,415,1000,1
t1600,416,1000,1
t1600,417,11,0
t1600,418,4,0
t1600,419,1000,1
t1600,420,1000,1
t1600,421,1000,1
t1600,422,28,0
t1600,423,7,0
t1600,424,1000,1
t1600,425,11,0
t1600,426,1000,1
t1600,427,1000,1
t1600,428,1000,1
t1600,429,1000,1
t1600,430,1000,1
t1600,431,1000,1
t1600,432,9,0
t1600,433,1000,1
t1600,434,1000,1
t1600,435,1000,1
t1600,436,1000,1
t1600,437,1000,1
t1600,438,1000,1
t1600,439,10,0
t1600,440,8,0
t1600,441,25,0
t1600,442,17,0
t1600,443,1000,1
t1600,444,7,0
t1600,445,1000,1
t1600,446,1000,1
t1600,447,1000,1
t1600,448,1000,1
t1600,449,1000,1
t1600,450,1000,1
t1600,451,1000,1
t1600,452,1000,1
t1600,453,14,0
t1600,454,1000,1
t1600,455,1000,1
t1600,456,1000,1
t1600,457,1000,1
t1600,458,1000,1
t1600,459,1000,1
t1600,460,1000,1
